HEAD,total_spend_pkr,avg_share_pct,first_month,last_month,months_active,mean_mom_growth
Purchase of Raw Material (Wheat),82494188.0,32.80920922954569,2024-04,2025-07,5,13.87133717494021
Purchase of Sunflower,71504499.0,22.28049966300887,2024-01,2025-09,10,1.6265397467343343
Purchase of Millet(BAJRA),45000000.0,81.77554910209575,2025-01,2025-01,1,
Mark-up on Redeemable Capt. NDFC,31479168.46,11.279867550224258,2024-05,2025-09,10,0.09829591080091953
Mark-up on Al-Towfiq,29983184.599999998,15.38874581657343,2024-03,2025-09,7,-0.07431753839460954
Purchase of wheat Commercial,24199630.0,16.261917499898026,2024-04,2025-04,5,6.6844466192920535
Seasonal Disc.Corn(Mosmi)July-Dec,23316206.0,7.039578099706314,2024-01,2025-09,14,30.827436973311162
Mark-up on Supliers Credit Loan,18713913.14,10.579697134552376,2024-03,2025-09,7,-0.0936920714414647
Purchase of Raw Material (Paddy),17169664.0,12.47869833923671,2024-05,2025-08,7,71.22450833892921
Salaries & Wages,16356926.0,3.979391108342083,2024-01,2025-09,21,0.024146705740902254
Salary & Wages-Production staff,16171887.0,4.592579163247441,2024-01,2025-09,21,0.10962167196030322
Purchase of canola cooking oil,12501520.5,6.848787000007353,2024-01,2025-10,10,13.970404588736303
Electricity Charges,12246127.0,3.936270786869008,2024-01,2025-09,15,21.99845981605045
Salary & Wages,12058246.0,3.1369733637569186,2024-01,2025-09,17,0.18586314638578721
Salaries & Wages (H.O),11471310.0,3.295221325613788,2024-01,2025-09,17,0.18767974340846602
Packing Material Consumed,10001295.0,1.9551735244553603,2024-01,2025-10,22,8.948946429050439
Purchase of Silage,9738339.0,12.112523591266337,2025-05,2025-07,2,-1.0
Directors Remuneration,9212481.0,2.5240552179408753,2024-01,2025-09,17,0.18446335854260415
Diesel for Generator Consumed,8460545.0,5.16750940979515,2024-03,2025-09,7,2.671224946539334
Purchases of Pak Afgoi(Corn),8262919.0,5.229746369604416,2024-01,2024-12,5,109.22459998647622
Purchase of R.M.Okra,7967665.0,7.715361058553199,2024-06,2025-09,7,3.213040106851873
Labour charges-Misc,7516084.0,2.0510963845055663,2024-01,2025-10,22,-0.021850937838180616
Chemicals Consumed,7269997.0,4.4726817671446915,2024-03,2025-09,7,2.187357104333775
Salaries & Wages (Factory),6996412.0,1.8367249388349276,2024-01,2025-09,21,0.015173213655582302
Labour charges-corn(DAL),5369575.0,1.6490440452712674,2024-01,2025-10,22,0.35352361612951294
Purchase of Hybrid Rice,5348000.0,16.599321123708474,2024-05,2024-05,1,
Labour Charges,4588114.0,2.17587543327284,2024-08,2025-09,11,0.2646450277348038
Discount-wheat seed,3386950.0,1.1517488490946206,2024-11,2025-09,6,70.78988836925967
Germination Claim,3327489.0,0.7611715855673749,2024-01,2025-10,18,2.8889424298685262
Labour charges,3283018.0,1.041142022826117,2024-01,2025-10,22,0.2927991956645725
Purchase of Fuzzy Cotton Seed.,2666850.0,1.7359808545435529,2024-03,2024-12,3,22.506343144560354
Freight & octroi-corn seed,2652710.0,1.003816770822878,2024-01,2025-10,21,12.896660364270712
Labour charges Detasseling corn(Co),2421000.0,4.261191414839375,2024-09,2025-09,2,2.890909090909091
Labour charges(Daily Marketing staf,2114950.0,0.5912261818346106,2024-01,2025-09,21,0.2888167382054331
Fee & Subscription,2082145.0,0.8736316789836317,2024-03,2025-09,11,11.169683155299065
Germination Claim Wheat,1969650.0,1.1467413022387276,2024-12,2025-05,4,1.7479900642314747
Vehicle 2.OD POL 4382 Dr. Anwar Sb.,1883010.0,0.6268863122163877,2024-01,2025-10,18,-0.05540018476349529
Lease expenses,1735000.0,0.4388846300714286,2024-01,2025-09,18,0.34789145015804485
Vehicle 2.OD Repair 4382 Dr.Sb,1368011.0,0.45761624109116844,2024-01,2025-06,16,0.6834442285123635
Labour charges-Cotton Seed,1362379.0,0.5442856599466495,2024-01,2025-05,13,0.9207345713214581
Farm Lease Expenses,1353754.0,2.5463904016681607,2024-03,2024-05,2,-0.32231527862806386
Sales Promotion Expenses,1338192.0,0.40199652126120505,2024-01,2025-09,19,0.6488285563444239
Dep.on Vehicles Factory,1326278.0,7.6465295664894155,2025-03,2025-03,1,
Ploughing expenses,1313037.0,1.2593600604671025,2024-07,2025-10,11,8.540983733006575
Repair & Maint. Plant & Machinery,1301969.0,0.5761866811483549,2024-01,2025-10,17,5.943435272540402
Discount-on delinted of cottonseed,1256285.0,0.5075970094588588,2024-09,2025-09,7,12.867744158628499
Advertisement Expenses-selling,1182941.0,0.6322041106786366,2024-01,2025-10,22,2.1094915716604996
Entertainment  (Factory),1144628.0,0.3482110109455877,2024-01,2025-10,22,0.505464081326887
Fertilizer Exp,1120625.0,0.8682318720124588,2024-09,2025-09,4,0.26217995958585466
Ploughing expenses-fty,1116000.0,0.31618035146159634,2024-01,2025-09,18,0.0
Additional Discount,1110413.0,0.517982363229941,2024-02,2025-08,7,0.43055936188275407
Fertilizer Expenses,1063797.0,0.5102234890204123,2024-03,2025-09,8,1.1780051585016695
Labour Charges Dryer Corn,1054143.0,0.6078872494502743,2024-01,2025-03,7,0.20968355714089537
Freight & Octroi Paddy,1050150.0,0.41846329200961585,2024-02,2025-06,11,4.63477431175936
Purchase of SSG(Lines seed),1035799.0,2.024704567067774,2024-12,2024-12,1,
Pesticide Expenses,1011340.0,0.429199057992268,2024-01,2025-09,19,-2.777823878548656
Audit Fee,1000000.0,1.2786412261348201,2024-06,2024-12,2,0.0
Micronutrient expenses,987800.0,0.5531680741928499,2024-01,2025-10,21,0.039438349007314535
Vehicle R&M POL 2260 Rizwan Sb.,951870.0,0.37058956085434835,2024-01,2025-10,21,0.31914405475918073
Vehicle R&M POL 118,936618.0,0.2578093224013341,2024-01,2025-09,21,0.0476011927115268
Vehicle POL LEH-7012 Hassan Shah,910935.0,0.4513248327600843,2024-01,2025-10,22,0.23619018159007132
Wood Expenses(Dryer),881422.0,0.7747702569856336,2024-01,2025-10,7,0.13247367191278434
Vehicle R&M POL PA-443,871810.0,1.5575191101702286,2025-03,2025-10,8,0.08151189661938638
Freight & Octroi - wheat seed,864905.0,0.7084372092201765,2024-01,2025-02,5,6.351195915204016
Lease Expenses,862572.0,0.8929860389231224,2024-03,2025-09,3,13.283413637028884
Discount on sale of sesame seed,815300.0,0.6109056787393045,2024-09,2025-09,4,4.76788369128587
Discount of Paddy,815100.0,0.9019696590389701,2024-08,2025-09,5,2.297569267509857
Canteen Expenses,806478.0,0.3279844388133462,2024-01,2025-10,22,0.5549234202037024
Baling expenses-silage,805644.0,1.8414921341976567,2024-03,2024-09,2,-0.5385779122541603
labour charges-paddy,799594.0,0.1672895317761331,2024-03,2025-09,17,0.699303445347084
Vehicle R&M Pol 418 (Akhtar),787986.0,0.25501805797293353,2024-01,2025-08,15,0.16825106315415878
Hybrid Testing Fee,748400.0,0.33062543539328776,2024-01,2025-09,11,-0.7576354055088933
Irrigation Expenses,738742.0,0.32089756463269636,2024-01,2025-10,16,0.5705119346020792
Electricity Charges (H.O),737321.0,0.22606834372283274,2024-01,2025-09,15,0.3301681260841587
Freight & Octroi-wheat,715192.0,0.32311218526709123,2024-04,2025-08,5,49.705327696510295
Incentive staff-selling,712456.0,1.0093994839679583,2024-05,2025-05,2,-0.21886000000000005
labour charges-wheat(DAL),709550.0,0.2801774038958388,2024-05,2025-08,11,27.31676905571686
"Rent, Rates & Taxes",694910.0,0.31092525377291935,2024-02,2025-10,9,2.941594992821904
Labour charges-Cotton seed,683079.0,0.3079001257415812,2024-01,2025-05,11,0.5321703235189917
Purchase of Oil Seed,680000.0,8.464220270259341,2025-07,2025-07,1,
Labour charges-SSG,670696.0,0.17090457144061713,2024-01,2025-06,15,2.9893122548494095
Telephone Expenses,669867.0,2.0791580858592416,2024-05,2024-05,1,
Vehicle POL LZH-5455,663260.0,0.19359427494957515,2024-01,2025-06,18,0.03475899829798229
Fertilizer,653899.0,1.0023900627890132,2024-03,2025-09,2,61.2214057816881
Tag & Sticker Expenses,647868.0,0.40777997796558474,2024-02,2025-10,16,0.5537884534621285
Labour charges(DAL)Pddy,625137.0,0.14154045992456232,2024-02,2025-08,19,8.907035650763518
Legal & Professional Charges,584740.0,0.1259766187605764,2024-01,2025-09,21,0.4860491790803313
Salary & wages,572000.0,0.2125698029685274,2024-01,2025-01,13,0.0
Insurance Stock,548150.0,0.4981712096425999,2024-06,2025-08,3,-0.3083942479252698
House Rent (G.M.),541720.0,0.2701954070696767,2024-01,2025-10,22,0.011489988466936243
Premium on Wheat Seed,514260.0,0.38629209546870036,2024-04,2025-05,3,-0.5720928499368814
Vehicle R&M POL 6677 Sohail Sb,498666.0,0.2058925906836381,2024-02,2025-09,13,0.11079258927270234
Telephone & Telex Charges (H.O),475900.0,0.20114802923368869,2024-02,2025-09,15,0.5062355894741696
Vehicle Repair LZH-5455,473750.0,0.1802587151809871,2024-01,2025-06,18,3.0151896404974075
Freight-sesame seed,464150.0,0.14421906183349434,2024-01,2025-07,11,1.1123284080820102
E.O.B.I Factory,461779.0,0.1233900468100148,2024-01,2025-09,21,0.013445156125182451
Ploughing Expenses,461702.0,0.3268072393055337,2024-01,2025-05,10,1.0571627027078112
Vehicle R&M Repair 2260 Rizwan Sb.,460800.0,0.16780137422966185,2024-01,2025-09,17,2.885488152491399
Labour charges-wheat,459548.0,0.1494204590055193,2024-04,2025-07,14,2.734999185227232
Purchase of Kappas,443235.0,5.927038990471754,2024-07,2024-07,1,
Printing & Stationery  (Factory),443054.0,0.16053845593677077,2024-01,2025-10,22,0.8132229461740863
Vehicle POL 2995 Aslam Sb.,442975.0,0.14414141407502765,2024-01,2025-10,22,0.0188383134239642
Entertainment (H.O),440186.0,0.1447842491370133,2024-02,2025-09,16,0.3588128312531226
Vehicle Repair LEH-7012 Hassan Shah,422000.0,0.19131788893338417,2024-01,2025-10,21,1.0761534284836773
Farm Lease,421950.0,0.7936812637418462,2024-03,2024-05,2,-0.3223130966533735
Gardening & Plantation,417670.0,0.20071749790538873,2024-01,2025-08,10,8.06868970301209
Fertilizer expenss,412856.0,0.684046417391864,2024-06,2025-06,3,9.14831485475805
Staff Welfare  (Factory),400901.0,0.10184868836440668,2024-03,2025-09,18,1.0732434160498625
Social security,400302.0,0.1059943384020268,2024-01,2025-09,21,0.0138214196558327
Vehicle POL LEE-17-7430 Hafiz Qadir,398960.0,0.12834311120129968,2024-01,2025-06,17,0.04016054477034503
Vehicle R&M Repair 9700,386500.0,1.050554572371761,2024-07,2025-06,3,-0.43145401055853005
Vehicle Running & Maint. (H.O),386338.0,0.2155052003773169,2024-02,2025-09,11,1.0131801713867106
Pesticide expenses,380536.0,0.20993530628884324,2024-03,2025-09,6,2.297135902666014
E.O.B.I,352350.0,0.08606848381485094,2024-01,2025-09,21,0.07212046030405406
Vehicle R&M Repair PA-443,347720.0,0.28590845707961765,2025-03,2025-10,8,0.2780436086194648
Misc. Expenses-Selling,344740.0,0.14612504370589202,2024-01,2025-10,22,0.09101819702780768
Misc.Expenses-HO,344679.0,0.15765139442197557,2024-02,2025-09,15,3.1906387125706144
Wheat seed expenses,343900.0,0.6512810994937361,2024-01,2025-03,2,-0.18330692023243533
Social Security,336960.0,0.08472400705339822,2024-01,2025-09,21,-0.005402846027846025
Repair & Renovation HO,327445.0,0.0883355529462224,2024-01,2025-09,19,0.3382512468474259
Repair & Maintenance Electrical,324122.0,0.13314984650411635,2024-01,2025-10,19,1.875866201883409
Bank Charges,323255.36,0.07897132202423095,2024-01,2025-10,22,2.1022266956167703
Travelling & Conveyance Others,322718.0,0.15100513114205735,2024-01,2025-10,22,0.38201050828987654
labour charges-cotton,321624.0,0.13876558532762948,2024-02,2025-06,10,3.4995649620212927
Pesticide Consumed,302065.0,0.9205525351449367,2025-09,2025-09,1,
Vehicle Repair 2995 Aslam Sb.,299960.0,0.12228839933724038,2024-01,2025-10,22,4.216129137494877
Vehicle POL M/C ALF 6829 Hassan Raz,293890.0,0.09458544423006485,2024-01,2025-10,20,0.37315668460039414
labour charges sesame seed,282557.0,0.14944619937123516,2024-03,2025-10,13,2.1842305207500874
Vehicle R&M POL 9700 Zafar Iqbal,273235.0,0.11586687968130781,2024-01,2025-09,15,3.6819293605580556
Purchase of wheat seed,270927.0,0.09771810160943523,2024-01,2025-03,9,6.221096484988569
Freight on purchases-Kappas,270237.0,1.1550637933312335,2025-04,2025-04,1,
EOBI Staff,266030.0,0.13977054439341136,2024-07,2025-06,12,-0.00151515151515152
Purchase of Processed wheat,262500.0,0.6012848770546525,2024-10,2024-11,2,1.75
Freight & Octori-cotton seed,261150.0,0.08927744400287456,2024-01,2025-10,17,4.62364485907091
Freight & Octroi,253340.0,0.07393067819833173,2024-01,2025-08,15,0.7798904103166351
Insurance Plant & Machinery,236645.0,0.21767029300242272,2024-06,2025-08,3,-0.367868428273157
R&M Generator (HO),234046.0,0.06660042675045433,2024-01,2025-09,18,0.029927194150030763
Vehicle POL KWM-2868 Nazar Ali,232700.0,0.09368386913432286,2024-01,2025-10,22,0.9178967790480379
Electricity Expenses,223701.0,0.4869658335807312,2024-03,2025-10,5,19.199228559355845
Pesticide exp,219799.0,0.1685604198907079,2024-09,2025-09,5,-56.956737570405984
Processing discount,215325.0,0.4204088797536505,2024-03,2024-05,2,-0.6216200645260408
Labour Expenses,214200.0,0.1623610714284868,2024-02,2024-06,5,-0.19899173166791223
Labortary Expenses,209650.0,0.05716619635787087,2024-01,2025-09,19,1.6578260951747665
Misc. Expenses,206449.0,0.2034697144165362,2024-01,2025-10,22,2.4348802214099714
Freight & Oct. General,202750.0,0.06354410636754772,2024-01,2025-10,21,2.111511358162112
"Harvesting,choping & stacking Exp",200000.0,0.6207674317018876,2024-05,2024-05,1,
Vehicle R&M POL LEC 9352,198000.0,1.4951079688164572,2025-08,2025-10,3,1.0327177382580939
Telephone Exp,195670.0,0.3221844812330673,2024-09,2024-12,2,0.5437125437125436
Labour charges-Okra,195275.0,0.10941353271214024,2024-01,2025-10,15,4.016508545236522
Wheat Roguing,193300.0,0.24938297727366235,2024-03,2025-04,3,0.05590598556012738
Ploughing expenss,192650.0,0.4367210588495795,2024-07,2024-11,4,0.1290338721128396
Moboil for generator consumed,190000.0,0.5207053498673564,2024-09,2025-03,2,-0.5714285714285714
Vehicle R&M Repair 418(Akhtar),187062.0,0.04710052882061777,2024-01,2025-08,16,1.1844352034515837
Shifting charges - wheat,186993.0,0.9525731390006428,2024-05,2025-10,3,-0.5890512689521679
Fertilizer Expenses-Okra,185744.0,0.3352308169989947,2024-03,2024-06,2,0.33042256348489407
Fertilizer Exp.,182815.0,0.4032382351181355,2025-03,2025-06,2,1.840570576248398
Vehicle R&M Repair 118,179980.0,0.07971289649523948,2024-01,2025-09,19,1.5246055201879232
Travelling & Conveyance H.O.,179497.0,0.11242386243375618,2024-04,2025-06,6,-0.17447668939836206
Purchase of Sulphor (Tiger Brand),177990.0,0.10868587334371288,2024-05,2025-09,8,1.9008033509771993
fertilizer expenses,175322.0,0.308001054605708,2024-03,2024-06,2,0.9632722048508409
Vehicle R&M Repair 6677 Sohail Sb,174270.0,0.2407520665637661,2024-04,2025-08,7,1.9599700969485963
Cotton seed expenses,174000.0,0.2370694361418729,2024-01,2024-03,3,-0.41476648351648354
Vehicle POL KWM-19-3348 Zain Ul Abi,166930.0,0.12035804391383534,2024-01,2025-10,20,0.32838731361041545
Misc.Expenses,162130.0,0.044944954293718434,2024-01,2025-10,21,4.649860652766129
Printing & Stationery H.O,161861.0,0.09363289880941186,2024-03,2025-09,13,3.916385040624759
Social Security                 (G),159840.0,0.08393512007873605,2024-07,2025-06,12,0.0
Vehicle R&M POL 371 (FRK),159183.0,0.21219650074199292,2024-01,2025-10,9,0.11482249343414172
Electricity,151321.0,0.12481071895863281,2024-01,2024-12,12,2.808029122477642
Tax consultency,150000.0,0.4739756429320419,2024-06,2024-06,1,
Vehicle POL 6793   Aslam Shakir,149500.0,0.08972456991218665,2024-01,2025-10,19,0.8986433661393372
Telephone Exp Fty PTCL,149204.29,0.041487575925012454,2024-01,2025-09,17,0.17206948031390584
Consultency charges-ISO,148190.0,0.09074134257816982,2024-01,2024-08,8,0.7565627839395033
Pesticide Corn Exp,145787.0,0.1407706792793151,2024-12,2025-09,4,3.2515768237853386
Vehicle POL KWK-20-7778 Khaliq Dad,144910.0,0.07807129522552417,2024-01,2025-10,21,0.2570590731089352
Ploughing Expenses -Riffat Farm,141630.0,0.3506616189355709,2025-08,2025-09,2,-0.8246960707024604
Vehicle POL KWM-17-4525 Haider Abba,141320.0,0.03607906995972414,2024-01,2025-09,21,0.29189612034013374
Misc expenses,141292.0,0.03888102047221504,2024-01,2025-05,16,4.879877314154057
Vehicle POL-KWM-17-7032 M.Khalid,137820.0,0.034022200054699955,2024-01,2025-09,20,0.07794203861387183
Freight & octroi-packing material,136840.0,0.03728509441243865,2024-01,2025-10,20,2.357369284409014
Vehicle POL KWK-20-8845 Shahid Sajj,134149.0,0.0707753965665171,2024-01,2025-10,20,0.20283424271581155
Vehicle POL AGC-21-3228 Abdul Rauf,128920.0,0.03877335874139892,2024-01,2025-09,17,0.08802106663727552
Vehicle POL 6793 Subhan Ali,128640.0,0.04109512061219053,2024-02,2025-08,18,0.03172456617360675
Discount-corn seed,127512.0,0.5365673296715452,2024-03,2024-03,1,
Pesticide expeses,127500.0,0.31716841196151785,2025-05,2025-05,1,
Diesel for Tractor,127464.0,0.1407596938706715,2024-09,2024-12,4,0.14535700586199188
Javi seed,120000.0,0.15826820192738408,2024-10,2024-12,3,-0.25
Misc Expenses,118281.0,0.07496653665402106,2024-09,2025-05,9,1.4331702856036597
Annual Listinf Feee(KSE & LSE),116500.0,0.2651447342631148,2024-07,2024-12,2,2.3962264150943398
Telephone expenses,114000.0,0.6572561488464661,2025-03,2025-03,1,
Javi Harvesting 42/10-R,113433.0,0.21518722234286614,2024-09,2024-12,2,-0.14906011356961035
Lease exp,113178.0,0.34491349485254386,2025-09,2025-09,1,
Irrigation expenses,109643.0,0.17650045565569966,2024-09,2025-02,4,1.6332021201730818
Discount of Afgoyee Seed,109000.0,0.10686739470645283,2024-08,2025-09,4,8.973861283643892
Telephone Expenses-Director,107294.0,0.09083495765252252,2024-01,2025-10,17,2.828890442540168
Accomodation / Residence Expenses,106820.0,0.042734490354894406,2024-01,2025-06,7,0.22343316403810057
Vehicle ALF-6829 Repair Hassan Raza,105550.0,0.031129138486413608,2024-01,2025-09,18,0.8626163163593001
labour charges,105075.0,0.08783112066978789,2024-01,2024-04,4,0.8196886446886446
Education Cess,104213.0,0.026691977082290763,2024-01,2025-09,16,1.3089110661608179
Commission on sale of Raya Seed,103349.0,0.28968704995359945,2024-02,2024-05,2,-0.9356655887623324
Repair & Maint,102085.0,0.14692327860016632,2024-08,2024-12,3,4.077745195820064
Vehicle R&M Repair LEC-9352,100750.0,0.17304674849510848,2025-08,2025-09,2,3.773638968481375
Vehicle POL KWN-17-4123 Naveed,99540.0,0.056776394435734075,2024-01,2025-10,18,0.10458488174424548
Postal & Courier Charges,99420.0,0.04023416981040732,2024-01,2025-10,22,0.3910112181274136
Vehicle RepairLEE-17-7430 Haifz Qad,97630.0,0.03483716949687068,2024-01,2025-06,15,0.9317524513699181
Repair & Maint. Office Equipment,97085.0,0.02329988756525041,2024-01,2025-09,19,2.721868229597441
Audit Fee - ISO,96900.0,0.22594013543585095,2024-01,2024-02,2,1.2571428571428571
Freight & Octroi-chemicals,93790.0,0.08873617156050168,2024-01,2025-10,18,1.0329555171345464
Picking charges-SSG,93730.0,0.09868783164967287,2025-03,2025-06,4,0.5839387839600447
Samples-cotton seed,93000.0,0.15786122420618567,2024-03,2025-08,3,8.727777777777778
Charity & Donation,92540.0,0.09237664536434768,2024-12,2025-09,3,0.7917285985004531
Irrigation expenss,91500.0,0.05674774853525355,2024-03,2024-09,6,1.5147825240442638
Vehicle R&M POL & Repair,88135.0,0.06801839529226392,2024-01,2025-07,6,-0.1554908224223175
Telephone Ptcl H.O.,84390.0,0.06348746472885665,2024-03,2024-05,3,3.657777379161449
Germination Claim Cotton Seed,81000.0,0.12287282684024287,2025-03,2025-05,2,4.0
Samples-corn seed,76964.0,0.06670539602092992,2024-02,2025-05,4,1.0563001575001574
Travelling & conv. Others       (G),76377.0,0.23276129633279208,2025-09,2025-09,1,
Importer License Fee FSC & RD,75000.0,0.13629258183682624,2025-01,2025-01,1,
Ploughing Exp,73750.0,0.3952460046370047,2024-09,2024-09,1,
Vehicle Repair-KWM-19-2868 Nazar Ai,69620.0,0.024231586374387673,2024-01,2025-10,22,0.2519058636275807
Freight & Octroi-Mungbean,67200.0,0.24993073358695356,2025-07,2025-08,2,1.3267326732673266
Labour Charges Okra,67116.0,0.07983115526654433,2024-09,2024-12,4,-0.3737507072193244
House Rent (Faisal Driver),66500.0,0.039800131319404096,2024-04,2025-10,19,0.0
Vehicle Repair 6793 Aslam Shakir,66130.0,0.09171737205395389,2024-01,2025-10,13,4.352073499637774
Vehicle POL AGB-6545 Faisal Driver,63550.0,0.03242560332190066,2024-02,2025-10,21,0.0007750582750582768
Postal & Courier charges HO,63149.0,0.029094440482893526,2024-02,2025-06,11,0.6923103600041893
Vehicle R&M POL 155 AEJ(Dr.Shahid),60506.0,0.08785801548799932,2024-01,2024-03,2,-0.43879657343379086
Vehicel R&M POL M/C Zakriya,60260.0,0.018199856271533952,2024-01,2025-06,14,0.38426397565372966
Purchase of Janter Seed,60000.0,0.23608684115431158,2025-06,2025-06,1,
Discount on sale of Raya Seed,59700.0,0.0394262399612672,2024-12,2025-05,3,-0.46131528046421666
Vehicle POL -17-2347 Mess Safdar,56470.0,0.024551751244720713,2024-01,2025-10,22,0.7577378625290316
Vehicle Repair AGC-21-3251 Zakria,56315.0,0.019740130227145013,2024-01,2025-09,16,3.652698806717988
Freight & Octroi-peas,55750.0,0.07547333399993938,2024-12,2025-07,2,-0.9227053140096618
audit Fee-ISO,55000.0,0.0999478933470059,2025-01,2025-01,1,
Diesel for tractor-okra,53700.0,0.2877926840543343,2024-09,2024-09,1,
Vehicle Repair KWK-20-8845 Shahid S,53262.0,0.03357582516818219,2024-01,2025-10,20,0.32153119642454575
General Store Consumed,53126.0,0.20903915871939927,2025-06,2025-06,1,
Electricity Expenses Bedian,53095.0,0.006588441343682446,2024-01,2025-02,14,-1.1239461622318812
Social security-staff,53040.0,0.02400328878067871,2024-07,2025-09,15,0.2195945945945946
Pesticide Exp.,51697.0,0.15754822441986924,2025-09,2025-09,1,
Vehicle Repair KWM-19-3348 Zain Ul,51350.0,0.041583025046842456,2024-01,2025-10,19,0.5096178928829895
Labour charges-silage,50912.0,0.014914092443794285,2024-03,2025-07,12,-0.12110226458130063
Mark-up on Sauid-i-Pak Agri Invst.,50870.01,0.2932862005647476,2025-03,2025-03,1,
Abiyana Expenses,50445.0,0.07130484044650144,2024-04,2024-06,2,2.6531685268886633
Freight & Octroi-SSg,50400.0,0.021068675402692052,2024-03,2025-06,8,1.3090816326530612
Freight& Octroi on purchases paddy,50000.0,0.07107569485804274,2024-01,2024-05,2,1.5714285714285716
Entertainment Expenses,49795.0,0.05211010489753324,2024-11,2024-12,2,16.79056603773585
Labour charges Sesame(DAL),48533.0,0.014656729694647007,2024-01,2025-09,12,1.3339788165894202
Entertainmetn-Mfg,45879.0,0.01728197360230728,2024-01,2025-08,14,1.0430864536370388
Labour charges-micrunutreitn,45680.0,0.08929194237844978,2024-12,2024-12,1,
Vehicle Repair KWM17-4525 Haider A,45340.0,0.011086407591339378,2024-01,2025-09,19,0.7748590667799514
Consultency Fee-ISO,45000.0,0.08177554910209575,2025-01,2025-01,1,
labour charges vanda,42045.0,0.07844978746214601,2024-03,2025-08,4,3.39193764777462
Vehicle Running & Maint.Gen(Factor,41312.0,0.013342020610674599,2024-01,2025-09,19,0.6265851291524134
Telephone Exp Hassan Raza,40800.0,0.011354617554726014,2024-01,2025-09,18,0.13808579948597924
Fertilizer exp,40565.0,0.12817881303692188,2024-06,2024-06,1,
Telephone Exp Aslam Sb,40000.0,0.02217692813782907,2024-02,2025-10,21,0.05664131920710867
Telephone Exp Zakria,39500.0,0.010416463517792908,2024-01,2025-09,21,0.04890608875128999
Veh. Running & Maint.General,37970.0,0.0178619986629286,2024-01,2025-05,7,-0.11194444444444444
Sesame seed,37890.0,0.0823112941892332,2024-01,2024-01,1,
Telephone Exp-Rizwan Sb,36600.0,0.012763309457558795,2024-01,2025-09,17,0.050250278973377964
Labour Charge Raya,36538.0,0.016779219120115266,2024-04,2025-09,7,0.46332485887898284
Ginning charges-kappas,35180.0,0.15984717621165043,2024-08,2024-09,2,-0.46910356832027855
Telephone & Telex  (Factory),35130.0,0.014242044692730958,2024-01,2025-10,21,0.814789165313444
Freight & Octroi-micronutrient,35000.0,0.17082994076407096,2025-07,2025-09,2,-0.6
Vehicle R&M POL LEC-1186 Rizwan Sb,34000.0,0.05478221948969944,2024-04,2024-04,1,
Vehicle RepairKWK-20-7778 Khaliq Da,33220.0,0.023419998436790237,2024-01,2025-10,13,1.30251216192897
Labour charges-Misc.,33179.0,0.010261510274890221,2024-01,2025-09,11,1.6013226975481012
Vehicle Repair AGC-21-3228 Rauf,32940.0,0.012605203388141759,2024-01,2025-09,15,0.14645716771243558
Seed Expenses,32500.0,0.08864654378814697,2024-02,2024-03,2,-0.75
Freight & Octroi-Raya,32300.0,0.019952321485891565,2024-05,2025-04,7,-0.04164449135332058
Telephone Exp Akhtar Ali,30280.0,0.010335047933303008,2024-01,2025-08,14,0.21670941552861636
Vehicle Repair 6793 Subhan Ali,30240.0,0.00906272330628398,2024-02,2025-08,18,0.14184760887047754
Telephone Exp Naveed,29860.0,0.008378910859302598,2024-01,2025-09,19,0.10711064800738715
Vehicle R&M Repair 6989(Pick u,29763.0,0.0805494358507649,2024-02,2024-03,2,-0.7059565217391304
Labour charges-sunflower,27557.0,0.02365975582245562,2024-12,2025-06,3,0.05709962588512868
Electricity expense,26680.0,0.05795896883000111,2024-01,2024-01,1,
Newspaper & Perodical,26500.0,0.013811737884327414,2024-01,2025-10,18,0.07888921888023281
Pesticide Exp Okra,26044.0,0.050908917410340336,2024-12,2024-12,1,
Telephone Exp Farid,25700.0,0.012787087000077357,2024-01,2025-10,22,0.029962894248608523
Entertainment,25650.0,0.01077353000746783,2024-01,2025-02,12,0.04846821577433007
Telephone Expenses-MFG,24839.0,0.025625189697383196,2024-01,2025-05,4,1.4533793595607465
Labour charges-cotton(DAL),24515.0,0.013453165037760619,2024-05,2025-09,8,2.0871240680507586
Telephone Exp Khaliq Dad,24300.0,0.015465096207040526,2024-01,2025-10,16,0.1346091686091686
Labour charges SSG(DAL),23865.0,0.016494052070306738,2024-01,2025-05,6,3.073706950531551
R&M Tractor],22870.0,0.014439800754531119,2024-01,2024-12,7,2.0226132396024243
Labour charges-bursum,22859.0,0.01354243621463738,2024-05,2025-09,7,0.3644619523058286
Telephone Exp Hassan Gardezi,22170.0,0.007625010640307737,2024-01,2025-08,15,0.2632864599168947
Travelling & Conveyance-Selling,22110.0,0.04378924387166601,2024-08,2025-07,4,0.8435492567397329
Fertilizer expenses,21451.0,0.06537259341993955,2025-09,2025-09,1,
Travelling & conveyance-MFG.,21288.0,0.04655959666175837,2024-01,2025-07,4,2.270311898714693
Vehicle Repair KWM-17-7032 M.Khalid,20500.0,0.007145201889349347,2024-02,2025-08,15,1.9869621373272655
Freight & Octroi-okra,20100.0,0.019633214818935218,2024-01,2024-10,3,-0.7425496688741722
Telephone Exp Zafar Iqbal,20090.0,0.005951638477293416,2024-02,2025-06,17,0.5759612266169951
Freight & octroi-silage,20037.0,0.06219158514505361,2024-05,2024-05,1,
Freight & Octroi-purchases Raya,20000.0,0.08415950336776856,2024-03,2024-03,1,
Telephone Exp Haider Abbas,20000.0,0.005696620302594635,2024-01,2025-09,20,0.0
Misc Exp,19115.0,0.011438523663837602,2024-03,2024-06,3,6.16355084543939
Labour charges vanda,19064.0,0.0620795322380853,2025-02,2025-09,3,-0.3006537423748167
Telephone Exp M.Khalid,18900.0,0.004776005510435791,2024-01,2025-09,20,0.16102621003067763
Vehicle Repari AGB-6545 Faisal Driv,18700.0,0.018024729395435663,2024-04,2025-10,9,7.919662617588448
Ploughing expenses-okra,18612.0,0.07323413812606745,2025-06,2025-06,1,
Ploughing Exp Paddy,18575.0,0.06905363646999281,2025-07,2025-08,2,1.3318385650224216
Telephone Exp Haifz Ghulam Qadir,18460.0,0.00562455417818313,2024-01,2025-06,17,0.04658980582524272
Telephone Exp Nazar Ali,18400.0,0.009992467763421182,2024-01,2025-10,21,0.0125
Ploughing Expenses.,18041.0,0.07122325411289354,2025-07,2025-08,2,0.7438783269961977
Vehicle Repari KWM-17-2347 Mess,17330.0,0.005402918465528675,2024-02,2025-09,12,1.3562683041233763
Telephone Exp Abdul Rauf,17300.0,0.005517389833107133,2024-01,2025-09,17,0.12325383358471595
Labour charges-corn,17278.0,0.07270539495941526,2024-03,2024-03,1,
Vehicle POL GAQ-7345 Hassan Ayub,17050.0,0.021407061692432897,2024-02,2024-04,3,0.09345238095238095
Germination Claim SSG Seed,17000.0,0.0233153387443921,2025-05,2025-06,2,-0.7857142857142857
Freight & Octroi-purchase cotton sd,16500.0,0.0322530002023735,2024-12,2024-12,1,
Discount-SSG,16500.0,0.025949606817845104,2025-05,2025-06,2,-0.16666666666666663
Telephone Exp Kafitullah,16300.0,0.008601124169205979,2024-01,2025-10,21,0.04197640594699418
Tractor repair,16000.0,0.09227153783493487,2024-02,2024-02,1,
Labour Purchase of Afgoyee Seed,15000.0,0.01596634178880809,2024-01,2024-12,2,-0.75
Misc.expenses,14406.0,0.038866643222497416,2024-05,2025-03,2,5.203
Pesticide Gulab Shah,14184.0,0.019102513849309548,2024-09,2024-12,2,2.608187134502924
Purchase of Raw Material (Bursom,13800.0,0.04205593162067809,2025-09,2025-09,1,
Freight & Octroi-SSG,13400.0,0.055079711429354784,2024-04,2025-02,2,-0.18918918918918914
Telephone Exp Shahid Sajjad,13350.0,0.007891859341539227,2024-01,2025-10,15,0.04817903851517298
Land Lease Exp,13000.0,0.2128451734737282,2025-02,2025-02,1,
Labour charges-soyabean,12882.0,0.03184145204915438,2024-06,2024-07,2,-0.7883747178329571
Vehicle R&M Repair 155 AEJ(Dr.Shah),12750.0,0.019752131612174036,2024-01,2024-03,2,-0.16546762589928055
Telephone Exp Subhan Ali,11850.0,0.0038176132402219626,2024-02,2025-08,18,0.040106951871657755
Labour charges-Peas seed,11093.0,0.029616665194457704,2024-09,2025-08,2,-0.6382273508470415
Vehicle Repari KWL-17 5493 Imran Pl,10560.0,0.011623436540830045,2024-03,2024-04,2,2.4
Vehicle Repair KWN-17-4123 Naveed,10230.0,0.007145769557562562,2024-01,2024-09,9,0.7198878687892136
Labour charges-javi,10073.0,0.026462873234065418,2024-02,2024-03,2,-0.5099112426035504
Purchase of delinted cotton seed,10071.0,0.019686058487157793,2024-12,2024-12,1,
Telephone Exp Net H.O.,10000.0,0.030475312768607314,2025-09,2025-09,1,
Germination Claim Paddy,9600.0,0.05144897145105417,2024-09,2024-09,1,
Labour charges-Sunflower,9249.0,0.009565720985813774,2024-11,2024-12,2,20.83703703703704
Commission on sale of corn seed,8306.0,0.025780471438579394,2024-05,2024-05,1,
Freight & Octroi-R&D,8000.0,0.02468479311374206,2024-04,2025-10,4,0.3417989417989418
Freight & Octroi-vanda,8000.0,0.017139363672843237,2025-01,2025-03,2,0.6666666666666667
Entertainment-Selling,7008.0,0.011951751521711363,2024-02,2024-05,2,6.673267326732673
Telephone expenses-Sohail sb,6680.0,0.009913608388469441,2024-08,2025-09,4,-0.10434782608695654
Vegetable Seed,6343.0,0.04201638495055504,2024-06,2025-02,2,2.228666666666667
Travelling & Cony.Production staff,6300.0,0.0063461242869885075,2024-04,2025-05,2,-0.1470588235294118
Sample wheat seed,6000.0,0.02731605723193114,2024-11,2024-11,1,
Discount on sale of corn afgoyee,5100.0,0.020067381498116484,2025-06,2025-06,1,
Telephone Exp  Zain Ullah Abideen,5100.0,0.008443016915176068,2025-03,2025-10,7,-0.10416666666666667
Vehicle Repair GAQ-7345 Hassan Ayub,5060.0,0.00845229530106685,2024-02,2024-04,3,-0.6271755162241888
Misc expense Paddy,4900.0,0.025899558394029697,2025-08,2025-08,1,
Labour Charges Tomato,3879.0,0.013721184475808853,2024-05,2024-07,2,-0.3694829760403531
Labour charges-vanda,3370.0,0.007152122490456631,2024-03,2025-09,4,0.24131869755353294
Insect Net,2655.0,0.07853111494675749,2025-08,2025-10,2,0.023628048780487854
Misc Exp.,2500.0,0.011649270878030275,2024-10,2024-10,1,
Shelling expenses-corn,2500.0,0.0048868182124808335,2024-12,2024-12,1,
Telephone exp,2500.0,0.004028104374242606,2024-04,2024-04,1,
Micronutrient-Bolo,2480.0,0.006504060864495027,2024-02,2024-03,2,-0.49696969696969695
Freight & Octroi-javi,2200.0,0.01449607702682383,2024-10,2025-02,2,1.6666666666666665
labour charges-micronutrient,1663.0,0.1858987472235357,2025-10,2025-10,1,
salary & wages,1650.0,0.018259948628677858,2024-08,2024-08,1,
Lease Exp.,1400.0,0.040191447449148696,2025-09,2025-10,2,0.0
Entertainment expenses,1100.0,0.0023896126579085915,2024-01,2024-01,1,
Labour Expenses-Organic matter,1000.0,0.11178517572070698,2025-10,2025-10,1,
Electricity Exp,865.0,0.0014933979637460682,2025-05,2025-06,2,1.0034722222222223
Vehicle POL KWD-2271 Ghulam Farid,300.0,0.0017300913344050286,2024-02,2024-02,1,
"Mazhar Khan Chak 77/10-R,KWL",-4500.0,0.04724264108845303,2024-05,2025-08,4,-1.018109216073017
Income-Behrowal Farm,-19800.0,-0.10611350361779924,2024-09,2024-09,1,
Income-Chak Shahana farm,-20000.0,-0.10571248324093754,2025-08,2025-08,1,
Farm Income (39/10-R),-26600.0,-0.02937218182715095,2024-06,2024-12,2,2.75
Processing charges of Bajra seed,-48348.0,-0.15277182922985574,2024-06,2024-06,1,
Processing charges of RAYA Seed,-76488.0,-0.23309957230452358,2025-09,2025-09,1,
Processing charges-carrot seed,-99780.0,-11.153924833412141,2025-10,2025-10,1,
Processing charges of Okra seed,-122000.0,-0.6448461477697189,2025-08,2025-08,1,
Processing of Peas seed,-141300.0,-0.3751291908728742,2024-09,2025-08,2,1.0608266181440085
Packing charges-cotton seed,-153303.0,-0.18074139265687175,2024-03,2025-05,4,0.22133782288397805
Processing charges-Sunflower,-166260.0,-0.16896537201303322,2024-11,2024-12,2,31.385542168674696
Harvesting charges of Turnip,-366956.0,-0.5915276805544702,2024-01,2025-06,2,0.4794324324324324
Income-Abbas Khan farm,-510519.0,-0.997925418807001,2024-12,2024-12,1,
Processing charges-corn seed,-548912.0,-0.5881831402943271,2024-01,2025-07,7,0.5939993745023635
Income-Kamboh Farm,-686500.0,-1.0299965480900302,2024-01,2024-05,2,7.032894736842104
Processing of wheat seed,-966216.0,-4.50228476427476,2024-10,2024-10,1,
Processing charges-paddy,-1476922.0,-0.8393954659548541,2024-04,2025-05,8,1.204813696783386
Chemical application & packing char,-1619615.0,-0.6461798532781375,2024-01,2025-09,13,0.5143921643701451
Gain on sale of fixed assets,-2076278.0,-11.97058317732143,2025-03,2025-03,1,
Other Income,-7602336.26,-2.317265705442155,2024-01,2025-10,22,13.632555061699499
Delinting & processing-cotton seed,-34952994.0,-14.143713172260853,2024-01,2025-05,11,0.4524482012954512
